id,title,price,currency_id,available_quantity,sold_quantity,condition,category_id,permalink
MLA1480188801,Tv Box 4k Hdmi Android  --el Más Rápido--,70000,ARS,,,new,MLA352001,https://articulo.mercadolibre.com.ar/MLA-1480188801-tv-box-4k-hdmi-android-el-mas-rapido--_JM
MLA1480178625,"Google Home Mini, Muy Buen Estado, Anda Perfecto. Leer!!!",79800,ARS,,,used,MLA409415,https://articulo.mercadolibre.com.ar/MLA-1480178625-google-home-mini-muy-buen-estado-anda-perfecto-leer-_JM
MLA1476074197,Google Chromecast 4k Chromecast With Google Tv Ga01919-us De Voz 4.ª Generación 4k 8gb Sky Con 2gb De Memoria Ram,147490,ARS,,,new,MLA352001,https://articulo.mercadolibre.com.ar/MLA-1476074197-google-chromecast-4k-chromecast-with-google-tv-ga01919-us-de-voz-4-generacion-4k-8gb-sky-con-2gb-de-memoria-ram-_JM
MLA1414122791, Apple Tv A1427 Negro - 1080p Full Hd,120000,ARS,,,used,MLA352001,https://articulo.mercadolibre.com.ar/MLA-1414122791-apple-tv-a1427-negro-1080p-full-hd-_JM
MLA1452835293,Watch Onn Fhd Streaming Stick 2da Gen Full Hd 1.5gb Ram 8gb,98999.99,ARS,,,new,MLA352001,https://articulo.mercadolibre.com.ar/MLA-1452835293-watch-onn-fhd-streaming-stick-2da-gen-full-hd-15gb-ram-8gb-_JM
MLA1995130936,Amazon Fire Tv Stick Hd 2024 Control De Voz 8gh Wifi 5 Nuevo,69400,ARS,,,new,MLA352001,https://articulo.mercadolibre.com.ar/MLA-1995130936-amazon-fire-tv-stick-hd-2024-control-de-voz-8gh-wifi-5-nuevo-_JM
MLA2017715088,Watch Om Tv Stick Convertidor Smart Tv 8gb 128gb Google Tv Negro Estándar,59990,ARS,,,new,MLA352001,https://articulo.mercadolibre.com.ar/MLA-2017715088-watch-om-tv-stick-convertidor-smart-tv-8gb-128gb-google-tv-negro-estandar-_JM
MLA1465489187,Amazon Fire Tv Stick 4k Fire Tv Stick 4k 53-008355 Pilas 4k Negro,95000,ARS,,,new,MLA352001,https://articulo.mercadolibre.com.ar/MLA-1465489187-amazon-fire-tv-stick-4k-fire-tv-stick-4k-53-008355-pilas-4k-negro-_JM
MLA1904940598,Apple Tv 4k 64 Gb Negro Con Memoria Ram De 3 Gb A1842,220000,ARS,,,used,MLA352001,https://articulo.mercadolibre.com.ar/MLA-1904940598-apple-tv-4k-64-gb-negro-con-memoria-ram-de-3-gb-a1842-_JM
MLA1445793563,Apple Tv Hd A1625 De Voz 4.ª Generación 2015 Full Hd 64 Gb,150000,ARS,,,used,MLA352001,https://articulo.mercadolibre.com.ar/MLA-1445793563-apple-tv-hd-a1625-de-voz-4-generacion-2015-full-hd-64-gb-_JM
MLA2012239414,Tv Box Watch Onn 4k Chromecast Solucionado Ubicación Negro Estándar,111489,ARS,,,new,MLA352001,https://articulo.mercadolibre.com.ar/MLA-2012239414-tv-box-watch-onn-4k-chromecast-solucionado-ubicacion-negro-estandar-_JM
MLA2013301408,Amazon Lite Fire Tv Stick B091g4yp57 De Voz Full Hd 8gb Negro Con 1gb De Memoria Ram,59799.0,ARS,,,new,MLA352001,https://articulo.mercadolibre.com.ar/MLA-2013301408-amazon-lite-fire-tv-stick-b091g4yp57-de-voz-full-hd-8gb-negro-con-1gb-de-memoria-ram-_JM
MLA2026656856,Fire Tv Stick 4k Con Controles De Alexa Y Amazon Black Tv,89999,ARS,,,new,MLA352001,https://articulo.mercadolibre.com.ar/MLA-2026656856-fire-tv-stick-4k-con-controles-de-alexa-y-amazon-black-tv-_JM
MLA1822817324,Apple Tv A1427  3.ª Generación Full Hd 8gb Negro,39000,ARS,,,used,MLA352001,https://articulo.mercadolibre.com.ar/MLA-1822817324-apple-tv-a1427-3-generacion-full-hd-8gb-negro-_JM
MLA1400506527,Google Home Mini Multi-room Google Assistant Refabricado,84990,ARS,,,new,MLA409415,https://articulo.mercadolibre.com.ar/MLA-1400506527-google-home-mini-multi-room-google-assistant-refabricado-_JM
MLA1856299012,Amazon Fire Tv Stick 4k Comando De Voz Streaming,96000,ARS,,,new,MLA352001,https://articulo.mercadolibre.com.ar/MLA-1856299012-amazon-fire-tv-stick-4k-comando-de-voz-streaming-_JM
MLA1449892657,Amazon Tv Stick Lite 2da Gen Streaming Full Hd,80980.0,ARS,,,new,MLA352001,https://articulo.mercadolibre.com.ar/MLA-1449892657-amazon-tv-stick-lite-2da-gen-streaming-full-hd-_JM
MLA1984710792,Tv Stick Xiaomi Mi Tv 4k Hdmi Android 11 Sin Cargador,125299.0,ARS,,,new,MLA352001,https://articulo.mercadolibre.com.ar/MLA-1984710792-tv-stick-xiaomi-mi-tv-4k-hdmi-android-11-sin-cargador-_JM
MLA1807784940,Google Home Mini Con Asistente Virtual,99000,ARS,,,used,MLA409415,https://articulo.mercadolibre.com.ar/MLA-1807784940-google-home-mini-con-asistente-virtual-_JM
MLA1781884668, Apple Tv A1427 2.ª Generación ,37081.98,ARS,,,used,MLA352001,https://articulo.mercadolibre.com.ar/MLA-1781884668-apple-tv-a1427-2-generacion-_JM
MLA2029390910,Onn Google Tv Fhd Streaming Stick 2da Gen 8gb M4gistv,90000,ARS,,,new,MLA352001,https://articulo.mercadolibre.com.ar/MLA-2029390910-onn-google-tv-fhd-streaming-stick-2da-gen-8gb-m4gistv-_JM
MLA1938425710,Apple Tv 3,38000,ARS,,,used,MLA352001,https://articulo.mercadolibre.com.ar/MLA-1938425710-apple-tv-3-_JM
MLA1464550035,Apple Tv A1427 Estándar 3.a Generación,25000,ARS,,,used,MLA352001,https://articulo.mercadolibre.com.ar/MLA-1464550035-apple-tv-a1427-estandar-3a-generacion-_JM
MLA1877356464,Apple Tv 2 3.ª Gen. Full Hd 1gb Ram 8gb.,45000,ARS,,,used,MLA352001,https://articulo.mercadolibre.com.ar/MLA-1877356464-apple-tv-2-3-gen-full-hd-1gb-ram-8gb-_JM
MLA1908499690,Amazon Tv Stick Lite 2da Gen Streaming Full Hd,80980.0,ARS,,,new,MLA352001,https://articulo.mercadolibre.com.ar/MLA-1908499690-amazon-tv-stick-lite-2da-gen-streaming-full-hd-_JM
MLA1398845395,Google Home Mini Con Asistente Virtual Chalk 110v/220v Ref,55990,ARS,,,new,MLA409415,https://articulo.mercadolibre.com.ar/MLA-1398845395-google-home-mini-con-asistente-virtual-chalk-110v220v-ref-_JM
MLA1345295576, Apple Tv 4k Wifi A2737 De Voz 3.ª Generación 2022 4k 64gb,354084,ARS,,,new,MLA352001,https://articulo.mercadolibre.com.ar/MLA-1345295576-apple-tv-4k-wifi-a2737-de-voz-3-generacion-2022-4k-64gb-_JM
MLA2011107376,Prte Pared 45º Ggle Hme Hub 138x60mm Nextsale Clr Negr,10900,ARS,,,new,MLA409415,https://articulo.mercadolibre.com.ar/MLA-2011107376-prte-pared-45-ggle-hme-hub-138x60mm-nextsale-clr-negr-_JM
MLA2026121084,Google Home Mini Asistente Google (no Es Reacondicionado) Negro,50000,ARS,,,used,MLA409415,https://articulo.mercadolibre.com.ar/MLA-2026121084-google-home-mini-asistente-google-no-es-reacondicionado-negro-_JM
MLA1480367865,"Control Remoto De Voz Fire Tv Stick Lite De Segunda Generación, Alexa Amazon Bivolt, Color Negro, Tipo Control Remoto",69990,ARS,,,new,MLA352001,https://articulo.mercadolibre.com.ar/MLA-1480367865-control-remoto-de-voz-fire-tv-stick-lite-de-segunda-generacion-alexa-amazon-bivolt-color-negro-tipo-control-remoto-_JM
MLA1475974383,Apple Tv 4k 32 Gb,35000.0,ARS,,,used,MLA352001,https://articulo.mercadolibre.com.ar/MLA-1475974383-apple-tv-4k-32-gb-_JM
MLA2024206052,Tv Box 4k Hdmi,52000,ARS,,,new,MLA352001,https://articulo.mercadolibre.com.ar/MLA-2024206052-tv-box-4k-hdmi-_JM
MLA1458709339,Amazon Fire Tv Stick 4k Ultra Hd Max 16gb 2 Gen Wi-fi 6e,120999,ARS,,,new,MLA352001,https://articulo.mercadolibre.com.ar/MLA-1458709339-amazon-fire-tv-stick-4k-ultra-hd-max-16gb-2-gen-wi-fi-6e-_JM
MLA1475666907,Apple Tv  Full Hd 32gb,250000,ARS,,,used,MLA352001,https://articulo.mercadolibre.com.ar/MLA-1475666907-apple-tv-full-hd-32gb-_JM
MLA1441658477,Mi Tv Stick Xiaomi 4k Mdz-27-eu 2.ª Generación Color Negro,110999,ARS,,,new,MLA352001,https://articulo.mercadolibre.com.ar/MLA-1441658477-mi-tv-stick-xiaomi-4k-mdz-27-eu-2-generacion-color-negro-_JM
MLA1374156562,Fire Tv Stick 4k 2023 Compatible Wifi 6 Con 2gb De Ram Color Negro Tipo De Control Remoto Control De Voz,79999,ARS,,,new,MLA352001,https://articulo.mercadolibre.com.ar/MLA-1374156562-fire-tv-stick-4k-2023-compatible-wifi-6-con-2gb-de-ram-color-negro-tipo-de-control-remoto-control-de-voz-_JM
MLA1369051919,Amazon Fire Tv Stick 4k De Voz 3° Gen 8gb Cargador Original!,109996,ARS,,,new,MLA352001,https://articulo.mercadolibre.com.ar/MLA-1369051919-amazon-fire-tv-stick-4k-de-voz-3-gen-8gb-cargador-original-_JM
MLA1364216697,Amazon Fire Tv Stick Lite Full Hd 8gb 1gb Ram Streaming,59999,ARS,,,new,MLA352001,https://articulo.mercadolibre.com.ar/MLA-1364216697-amazon-fire-tv-stick-lite-full-hd-8gb-1gb-ram-streaming-_JM
MLA1432083009,Onn Google Tv Fhd Streaming Stick 2da Generación 8gb 1.5gb Ram Color Negro Control Remoto De Voz,70789,ARS,,,new,MLA352001,https://articulo.mercadolibre.com.ar/MLA-1432083009-onn-google-tv-fhd-streaming-stick-2da-generacion-8gb-15gb-ram-color-negro-control-remoto-de-voz-_JM
MLA1361061092,Apple Tv 4k (wifi + Ethernet) A2843 De Voz 3.ª Generación 2022 4k 128gb Negro,468512,ARS,,,new,MLA352001,https://articulo.mercadolibre.com.ar/MLA-1361061092-apple-tv-4k-wifi-ethernet-a2843-de-voz-3-generacion-2022-4k-128gb-negro-_JM
MLA1462796143,Tivo Ipa1104hdw-01 Stream 4k Original Con Google Oficial Certificado 8gb De Almacenamiento 2gb De Ram,82839.0,ARS,,,new,MLA352001,https://articulo.mercadolibre.com.ar/MLA-1462796143-tivo-ipa1104hdw-01-stream-4k-original-con-google-oficial-certificado-8gb-de-almacenamiento-2gb-de-ram-_JM
MLA1974052512,Amazon Fire Tv Stick Hd 2024 Control Por Voz Fhd Streamoing,65999,ARS,,,new,MLA352001,https://articulo.mercadolibre.com.ar/MLA-1974052512-amazon-fire-tv-stick-hd-2024-control-por-voz-fhd-streamoing-_JM
MLA1751007286,Amazon Fire Tv Stick 4k Streaming 2° Gen Con Alexa ,95000,ARS,,,new,MLA352001,https://articulo.mercadolibre.com.ar/MLA-1751007286-amazon-fire-tv-stick-4k-streaming-2-gen-con-alexa-_JM
MLA924404973, Chromecast 4 + Google Tv 4k Cargador Original Cuot.s S/ Int,199996,ARS,,,new,MLA352001,https://articulo.mercadolibre.com.ar/MLA-924404973-chromecast-4-google-tv-4k-cargador-original-cuots-s-int-_JM
MLA1867521508,Apple Tv A1469 3ra Generación,58000,ARS,,,used,MLA352001,https://articulo.mercadolibre.com.ar/MLA-1867521508-apple-tv-a1469-3ra-generacion-_JM
MLA1972159008,Apple Tv A1427 ( Control No Funciona),20000,ARS,,,used,MLA352001,https://articulo.mercadolibre.com.ar/MLA-1972159008-apple-tv-a1427-control-no-funciona-_JM
MLA1474936661,Google Home Mini Con Google Assistant Chalk 110/220v Chalk,39999,ARS,,,used,MLA409415,https://articulo.mercadolibre.com.ar/MLA-1474936661-google-home-mini-con-google-assistant-chalk-110220v-chalk-_JM
MLA1470131529,Apple Tv Hd A1625 De Voz 4.a Gen 2015 Full Hd 32gb,150000,ARS,,,used,MLA352001,https://articulo.mercadolibre.com.ar/MLA-1470131529-apple-tv-hd-a1625-de-voz-4a-gen-2015-full-hd-32gb-_JM
MLA2028274538,Chromecast Google Tv Hd 8gb 2gb Ram Hdmi 4ta Generacion,140000,ARS,,,new,MLA352001,https://articulo.mercadolibre.com.ar/MLA-2028274538-chromecast-google-tv-hd-8gb-2gb-ram-hdmi-4ta-generacion-_JM
MLA1453365954,Apple Tv 4k A2169 De Voz 2.ª Generación 2021 4k 32gb Negro,499997,ARS,,,new,MLA352001,https://articulo.mercadolibre.com.ar/MLA-1453365954-apple-tv-4k-a2169-de-voz-2-generacion-2021-4k-32gb-negro-_JM
MLA1398832615,Google Home Mini Con Asistente Virtual Bluetooth Ref,89990,ARS,,,new,MLA409415,https://articulo.mercadolibre.com.ar/MLA-1398832615-google-home-mini-con-asistente-virtual-bluetooth-ref-_JM
MLA2013184174,Amazon Fire Tv Stick 4k Ultra Hd Max 16gb 2nda Generación,96182,ARS,,,new,MLA352001,https://articulo.mercadolibre.com.ar/MLA-2013184174-amazon-fire-tv-stick-4k-ultra-hd-max-16gb-2nda-generacion-_JM
MLA1975932800,Amazon Fire Tv Stick 4k 2023 Wifi 6 2gb De Ram Con Alexa,97990,ARS,,,new,MLA352001,https://articulo.mercadolibre.com.ar/MLA-1975932800-amazon-fire-tv-stick-4k-2023-wifi-6-2gb-de-ram-con-alexa-_JM
MLA919486738,Chromecast With Google Tv De Voz 4ª Generación 4k 8gb Snow Con 2gb De Memoria Ram,147309,ARS,,,new,MLA352001,https://articulo.mercadolibre.com.ar/MLA-919486738-chromecast-with-google-tv-de-voz-4-generacion-4k-8gb-snow-con-2gb-de-memoria-ram-_JM
MLA1913427140,Apple Tv A1427  3.a Generación Full Hd 8gb Negro,60000,ARS,,,used,MLA352001,https://articulo.mercadolibre.com.ar/MLA-1913427140-apple-tv-a1427-3a-generacion-full-hd-8gb-negro-_JM
MLA1449403463,Apple Tv Hd A1625 De Voz 4.ª Generación 2015 Full Hd 32gb Negro Con 2gb De Memoria Ram,599990,ARS,,,new,MLA352001,https://articulo.mercadolibre.com.ar/MLA-1449403463-apple-tv-hd-a1625-de-voz-4-generacion-2015-full-hd-32gb-negro-con-2gb-de-memoria-ram-_JM
MLA1110314122,Soporte Pared 45º Google Home Hub Base 138x60mm Nextsale,10900,ARS,,,new,MLA409415,https://articulo.mercadolibre.com.ar/MLA-1110314122-soporte-pared-45-google-home-hub-base-138x60mm-nextsale-_JM
MLA1811000372,Amazon Lite Fire Tv Stick B091g4yp57 De Voz 2.ª Full Hd 8gb,77240,ARS,,,new,MLA352001,https://articulo.mercadolibre.com.ar/MLA-1811000372-amazon-lite-fire-tv-stick-b091g4yp57-de-voz-2-full-hd-8gb-_JM
MLA1110377590,Soporte De Pared Google Mini Home / Nest Mini 2da Generacion,10900,ARS,,,new,MLA409415,https://articulo.mercadolibre.com.ar/MLA-1110377590-soporte-de-pared-google-mini-home-nest-mini-2da-generacion-_JM
MLA1940824290,Amazon Fire Tv Stick 4k Max 16 Gb Wifi 6 Ultra Rápido Color Negro,124914.25,ARS,,,new,MLA352001,https://articulo.mercadolibre.com.ar/MLA-1940824290-amazon-fire-tv-stick-4k-max-16-gb-wifi-6-ultra-rapido-color-negro-_JM
MLA1670324528,"Usado Apple Tv 3 A1469 Full Hd Negro Completo, Sin Detalles.",99000,ARS,,,used,MLA352001,https://articulo.mercadolibre.com.ar/MLA-1670324528-usado-apple-tv-3-a1469-full-hd-negro-completo-sin-detalles-_JM
MLA2007226274,Apple Tv A1378 Estándar 2.a Generación,24989,ARS,,,used,MLA352001,https://articulo.mercadolibre.com.ar/MLA-2007226274-apple-tv-a1378-estandar-2a-generacion-_JM
MLA1482195977,Adaptador Smart Tv Box 4k Color Negro 32gb,40567,ARS,,,new,MLA352001,https://articulo.mercadolibre.com.ar/MLA-1482195977-adaptador-smart-tv-box-4k-color-negro-32gb-_JM
MLA1880561222,Smart Tv Stick Xiaomi 4k De 2da Generación Android Tv Negro,110473,ARS,,,new,MLA352001,https://articulo.mercadolibre.com.ar/MLA-1880561222-smart-tv-stick-xiaomi-4k-de-2da-generacion-android-tv-negro-_JM
MLA1364551668,Parlante Inteligente Google Home Mini  Youtube Usado Gris,58990,ARS,,,used,MLA409415,https://articulo.mercadolibre.com.ar/MLA-1364551668-parlante-inteligente-google-home-mini-youtube-usado-gris-_JM
MLA1938835060,Apple Tv A1469. Full Hd 8gb/ 512mb Ram Sin Control Remoto,65000,ARS,,,used,MLA352001,https://articulo.mercadolibre.com.ar/MLA-1938835060-apple-tv-a1469-full-hd-8gb-512mb-ram-sin-control-remoto-_JM
MLA885133507,Chromecast Smart Tv Netflix Google Tv 4k Hdr Control Remoto,299999,ARS,,,new,MLA352001,https://articulo.mercadolibre.com.ar/MLA-885133507-chromecast-smart-tv-netflix-google-tv-4k-hdr-control-remoto-_JM
MLA1995183272,Amazon Fire Tv Stick 4k De Voz 2ª Generación 4k 8gb Negro Con 1.5gb De Memoria Ram,82900,ARS,,,new,MLA352001,https://articulo.mercadolibre.com.ar/MLA-1995183272-amazon-fire-tv-stick-4k-de-voz-2-generacion-4k-8gb-negro-con-15gb-de-memoria-ram-_JM
MLA1920570096,Amazon Fire Tv Stick De Voz 3gen Full Hd 8gb Negro Con Pilas,88500,ARS,,,new,MLA352001,https://articulo.mercadolibre.com.ar/MLA-1920570096-amazon-fire-tv-stick-de-voz-3gen-full-hd-8gb-negro-con-pilas-_JM
MLA1918175152,Amazon Fire Tv Stick 4k Max Ultra Hd 16gb Streaming,96199,ARS,,,new,MLA352001,https://articulo.mercadolibre.com.ar/MLA-1918175152-amazon-fire-tv-stick-4k-max-ultra-hd-16gb-streaming-_JM
MLA1460121355,Apple Tv 4k (wifi) A2737 De Voz 3.a Generación 64gb,310000,ARS,,,used,MLA352001,https://articulo.mercadolibre.com.ar/MLA-1460121355-apple-tv-4k-wifi-a2737-de-voz-3a-generacion-64gb-_JM
MLA1716970254,Amazon Fire Tv Stick 4k Max 2° Gen - 16 Gb - Wi-fi 6e Alexa,130000,ARS,,,new,MLA352001,https://articulo.mercadolibre.com.ar/MLA-1716970254-amazon-fire-tv-stick-4k-max-2-gen-16-gb-wi-fi-6e-alexa-_JM
MLA1477576483,Amazon Fire Tv Stick Lite Hd Tv Control Remoto Por Voz/ Npo,79000,ARS,,,new,MLA352001,https://articulo.mercadolibre.com.ar/MLA-1477576483-amazon-fire-tv-stick-lite-hd-tv-control-remoto-por-voz-npo-_JM
MLA1412480803,Google Home Mini Negro,90000,ARS,,,used,MLA409415,https://articulo.mercadolibre.com.ar/MLA-1412480803-google-home-mini-negro-_JM
MLA1452022653,Amazon Fire Tv Stick 4k Max Ultra Hd 16gb Streaming Original,96199,ARS,,,new,MLA352001,https://articulo.mercadolibre.com.ar/MLA-1452022653-amazon-fire-tv-stick-4k-max-ultra-hd-16gb-streaming-original-_JM
MLA1469995027,Apple Tv A1218 2007 1.a Generacion,24000,ARS,,,used,MLA352001,https://articulo.mercadolibre.com.ar/MLA-1469995027-apple-tv-a1218-2007-1a-generacion-_JM
MLA1913452572,Apple Tv 3a Gen  Full Hd 8gb 512mb Ram A1427,45000,ARS,,,used,MLA352001,https://articulo.mercadolibre.com.ar/MLA-1913452572-apple-tv-3a-gen-full-hd-8gb-512mb-ram-a1427-_JM
MLA1940784956,Roku Express 3960 Hd Reproductor De Streaming Control Remoto,100000,ARS,,,new,MLA352001,https://articulo.mercadolibre.com.ar/MLA-1940784956-roku-express-3960-hd-reproductor-de-streaming-control-remoto-_JM
MLA2012521480,Tv Box Watch Onn 4k Chromecast Solucionado Ubicación Negro,99000,ARS,,,new,MLA352001,https://articulo.mercadolibre.com.ar/MLA-2012521480-tv-box-watch-onn-4k-chromecast-solucionado-ubicacion-negro-_JM
MLA1458356295,Control Xiaomi Mi Tv Stick Full Hd De 8 Gb Y 1 Gb De Ram,110000,ARS,,,new,MLA352001,https://articulo.mercadolibre.com.ar/MLA-1458356295-control-xiaomi-mi-tv-stick-full-hd-de-8-gb-y-1-gb-de-ram-_JM
MLA1124556559,Xiaomi Mi Tv Stick Full Hd Chromecast Android Amazon Netflix,119990,ARS,,,new,MLA352001,https://articulo.mercadolibre.com.ar/MLA-1124556559-xiaomi-mi-tv-stick-full-hd-chromecast-android-amazon-netflix-_JM
MLA1480304633,Google Home Max Color Chalk 110/220v Wifi,800000,ARS,,,used,MLA409415,https://articulo.mercadolibre.com.ar/MLA-1480304633-google-home-max-color-chalk-110220v-wifi-_JM
MLA1374858831,Android Tv Stick Control De Voz Full Hd 16gb Con 2gb De Ram,75000.0,ARS,,,new,MLA352001,https://articulo.mercadolibre.com.ar/MLA-1374858831-android-tv-stick-control-de-voz-full-hd-16gb-con-2gb-de-ram-_JM
MLA1438996519,Chromecast 4 Original Google Tv De Voz 4k 8gb,167580,ARS,,,new,MLA352001,https://articulo.mercadolibre.com.ar/MLA-1438996519-chromecast-4-original-google-tv-de-voz-4k-8gb-_JM
MLA1480981999,Amazon Fire Tv Stick 4k Alexa Voice Remote 8gb Ultra Hd,89999,ARS,,,new,MLA352001,https://articulo.mercadolibre.com.ar/MLA-1480981999-amazon-fire-tv-stick-4k-alexa-voice-remote-8gb-ultra-hd-_JM
MLA1440621335,Amazon Fire Tv Stick 4k Ultra Hd Hdr Wifi 6 Version 2023,97999,ARS,,,new,MLA352001,https://articulo.mercadolibre.com.ar/MLA-1440621335-amazon-fire-tv-stick-4k-ultra-hd-hdr-wifi-6-version-2023-_JM
MLA1399520644,Apple Tv 4k 32gb A1842 Negro (usado),400000,ARS,,,used,MLA352001,https://articulo.mercadolibre.com.ar/MLA-1399520644-apple-tv-4k-32gb-a1842-negro-usado-_JM
MLA1474178905,Apple Tv 4k,50000,ARS,,,used,MLA352001,https://articulo.mercadolibre.com.ar/MLA-1474178905-apple-tv-4k-_JM
MLA1476279481,Amazon Fire Tv Stick Hd 4a Generación Con Comandos De Voz Negro 1gb Ram,77768.99,ARS,,,new,MLA352001,https://articulo.mercadolibre.com.ar/MLA-1476279481-amazon-fire-tv-stick-hd-4a-generacion-con-comandos-de-voz-negro-1gb-ram-_JM
MLA1538562766,Chromecast Google Ga03131 Tv Hd 8gb 2gb Ram 60 Fps Wifi Bluetooth Hdmi 4ta Gen Blanco,153509,ARS,,,new,MLA352001,https://articulo.mercadolibre.com.ar/MLA-1538562766-chromecast-google-ga03131-tv-hd-8gb-2gb-ram-60-fps-wifi-bluetooth-hdmi-4ta-gen-blanco-_JM
MLA1474463683,Adaptador Smart Tv Box 4k,50000,ARS,,,new,MLA352001,https://articulo.mercadolibre.com.ar/MLA-1474463683-adaptador-smart-tv-box-4k-_JM
MLA2015617032,Amazon Fire Tv Stick Lite Control Por Voz Alexa Fhd 1080p Color Negro Tipo De Control Remoto De Voz,73299,ARS,,,new,MLA352001,https://articulo.mercadolibre.com.ar/MLA-2015617032-amazon-fire-tv-stick-lite-control-por-voz-alexa-fhd-1080p-color-negro-tipo-de-control-remoto-de-voz-_JM
MLA1597574484,Parlante Google Home Mini Asistente Virtual Refabricado,69990,ARS,,,new,MLA409415,https://articulo.mercadolibre.com.ar/MLA-1597574484-parlante-google-home-mini-asistente-virtual-refabricado-_JM
MLA1366426083,Apple Tv 4k (wifi) A2737 De Voz 3.ª Generación 2022 4k 64gb Negro - Distribuidor Autorizado,405399,ARS,,,new,MLA352001,https://articulo.mercadolibre.com.ar/MLA-1366426083-apple-tv-4k-wifi-a2737-de-voz-3-generacion-2022-4k-64gb-negro-distribuidor-autorizado-_JM
MLA1996368090,Streaming Fire Tv Stick lite - Amazon - 1080p Fhd / Rom 8gb,69999,ARS,,,new,MLA352001,https://articulo.mercadolibre.com.ar/MLA-1996368090-streaming-fire-tv-sticklite-amazon-1080p-fhd-rom-8gb-_JM
MLA1594852796,Apple Tv 4k A2169 De Voz 2.ª Generación 2021 4k 64gb Negro,466300,ARS,,,new,MLA352001,https://articulo.mercadolibre.com.ar/MLA-1594852796-apple-tv-4k-a2169-de-voz-2-generacion-2021-4k-64gb-negro-_JM
MLA1426291701,Apple Tv 4k 64gb Modelo A2169. Soporte Y Funda De Regalo,567000,ARS,,,new,MLA352001,https://articulo.mercadolibre.com.ar/MLA-1426291701-apple-tv-4k-64gb-modelo-a2169-soporte-y-funda-de-regalo-_JM
MLA1984892006,Apple Tv (3era Generación) Modelo A1427,60000,ARS,,,used,MLA352001,https://articulo.mercadolibre.com.ar/MLA-1984892006-apple-tv-3era-generacion-modelo-a1427-_JM
MLA2017585362,Watch Om Tv Stick S905 Android 14 8gb Ram 128gb Smart Negro Estándar,59990,ARS,,,new,MLA352001,https://articulo.mercadolibre.com.ar/MLA-2017585362-watch-om-tv-stick-s905-android-14-8gb-ram-128gb-smart-negro-estandar-_JM
MLA1664943482,Amazon Tv Stick Fire Tv Stick 4k Max K2r2te De Voz 1.ª Generación 4k 8gb Negro Con 2gb De Memoria Ram,100540,ARS,,,new,MLA352001,https://articulo.mercadolibre.com.ar/MLA-1664943482-amazon-tv-stick-fire-tv-stick-4k-max-k2r2te-de-voz-1-generacion-4k-8gb-negro-con-2gb-de-memoria-ram-_JM
MLA1151042067,Google Chromecast With Google Tv De Voz 4k 8gb + Fuente 220!,189997,ARS,,,new,MLA352001,https://articulo.mercadolibre.com.ar/MLA-1151042067-google-chromecast-with-google-tv-de-voz-4k-8gb-fuente-220-_JM
MLA1400539531,Google Home Mini Asistente Virtual Google Assistant Ref,64990,ARS,,,new,MLA409415,https://articulo.mercadolibre.com.ar/MLA-1400539531-google-home-mini-asistente-virtual-google-assistant-ref-_JM
MLA1430039936,Google Chromecast With Google Tv De Voz 4k Cargador Original,199946,ARS,,,new,MLA352001,https://articulo.mercadolibre.com.ar/MLA-1430039936-google-chromecast-with-google-tv-de-voz-4k-cargador-original-_JM
MLA1464945897,Apple Tv 3.a Generación 512mb,99000,ARS,,,used,MLA352001,https://articulo.mercadolibre.com.ar/MLA-1464945897-apple-tv-3a-generacion-512mb-_JM
MLA1443682603,Apple Tv 2ª Generaciónhd 8gb Negro Con 256mb De Memoria Ram,60000,ARS,,,used,MLA352001,https://articulo.mercadolibre.com.ar/MLA-1443682603-apple-tv-2-generacionhd-8gb-negro-con-256mb-de-memoria-ram-_JM
MLA2030523082,Google Home Mini Google Assistant Gris Gris,50000,ARS,,,used,MLA409415,https://articulo.mercadolibre.com.ar/MLA-2030523082-google-home-mini-google-assistant-gris-gris-_JM
MLA1463957805,Apple Tv 4.a Generación 2015 Full Hd 32gb 2gb Ram,250000,ARS,,,used,MLA352001,https://articulo.mercadolibre.com.ar/MLA-1463957805-apple-tv-4a-generacion-2015-full-hd-32gb-2gb-ram-_JM
MLA2016689578,Google Chromecast Tv 4 1080p Fhd Control Remoto Wifi Hdmi Color Blanco,153509,ARS,,,new,MLA352001,https://articulo.mercadolibre.com.ar/MLA-2016689578-google-chromecast-tv-4-1080p-fhd-control-remoto-wifi-hdmi-color-blanco-_JM
MLA1976434684,"Amazon Fire Tv Stick Lite Full Hd 2 Gen De 8 Gb Con 1 Gb De Ram, Color Negro",69999,ARS,,,new,MLA352001,https://articulo.mercadolibre.com.ar/MLA-1976434684-amazon-fire-tv-stick-lite-full-hd-2-gen-de-8-gb-con-1-gb-de-ram-color-negro-_JM
MLA1440239591,Fire Tv Stick Convertidor Amazon Smart Netflix Streaming Hd,143679,ARS,,,new,MLA352001,https://articulo.mercadolibre.com.ar/MLA-1440239591-fire-tv-stick-convertidor-amazon-smart-netflix-streaming-hd-_JM
MLA1870652484,Smart Tv Onn 4k Uhd Streaming Control Remoto Google Tv,89945,ARS,,,new,MLA352001,https://articulo.mercadolibre.com.ar/MLA-1870652484-smart-tv-onn-4k-uhd-streaming-control-remoto-google-tv-_JM
MLA1449892899,Amazon Tv Stick Lite 2da Gen Streaming Full Hd,80980.0,ARS,,,new,MLA352001,https://articulo.mercadolibre.com.ar/MLA-1449892899-amazon-tv-stick-lite-2da-gen-streaming-full-hd-_JM
MLA1436000073,Amazon Fire Tv Stick 4k Max Ultra Hd Hdr Wifi 6 Version 2023,100150,ARS,,,new,MLA352001,https://articulo.mercadolibre.com.ar/MLA-1436000073-amazon-fire-tv-stick-4k-max-ultra-hd-hdr-wifi-6-version-2023-_JM
MLA1398767505,Google Home Mini Con Asistente Virtual Multi-room Ref,99990,ARS,,,new,MLA409415,https://articulo.mercadolibre.com.ar/MLA-1398767505-google-home-mini-con-asistente-virtual-multi-room-ref-_JM
MLA1847811404,"Amazon Fire Tv Stick 4k Streaming, Con Alexa Voice Remote Color Negro",91900,ARS,,,new,MLA352001,https://articulo.mercadolibre.com.ar/MLA-1847811404-amazon-fire-tv-stick-4k-streaming-con-alexa-voice-remote-color-negro-_JM
MLA1481927821,Google Chromecast 4k Chromecast With Google Tv Ga01923-us 4.ª Generación 4k 8gb Cielo Con 2gb De Memoria Ram,174999,ARS,,,new,MLA352001,https://articulo.mercadolibre.com.ar/MLA-1481927821-google-chromecast-4k-chromecast-with-google-tv-ga01923-us-4-generacion-4k-8gb-cielo-con-2gb-de-memoria-ram-_JM
MLA1991282518,Google Chromecast Con Google Tv 4k Uhd Color Sky,154326.0,ARS,,,new,MLA352001,https://articulo.mercadolibre.com.ar/MLA-1991282518-google-chromecast-con-google-tv-4k-uhd-color-sky-_JM
MLA1469079133,Google Chromecast 4k Hd (4ta Generacion) Blanco+control,174999,ARS,,,new,MLA352001,https://articulo.mercadolibre.com.ar/MLA-1469079133-google-chromecast-4k-hd-4ta-generacion-blancocontrol-_JM
MLA1476893929,Amazon Fire Tv Stick 4k Max Streaming Wifi 6,96182.0,ARS,,,new,MLA352001,https://articulo.mercadolibre.com.ar/MLA-1476893929-amazon-fire-tv-stick-4k-max-streaming-wifi-6-_JM
MLA2021037346,Google Tv Streamer 4k Smart Netflix Hdr 2024 Androidtv,232990,ARS,,,new,MLA352001,https://articulo.mercadolibre.com.ar/MLA-2021037346-google-tv-streamer-4k-smart-netflix-hdr-2024-androidtv-_JM
MLA1445281453,Chromecast Google Tv Hd 8gb 2gb Ram 60 Fps Wifi,143999,ARS,,,new,MLA352001,https://articulo.mercadolibre.com.ar/MLA-1445281453-chromecast-google-tv-hd-8gb-2gb-ram-60-fps-wifi-_JM
MLA1482570587,Google Chromecast 4 Generación Con Google Tv Blanco,199999,ARS,,,new,MLA352001,https://articulo.mercadolibre.com.ar/MLA-1482570587-google-chromecast-4-generacion-con-google-tv-blanco-_JM
MLA1465095701,Chromecast With Google Tv De Voz 4 Generación 4k 8gb,149570,ARS,,,new,MLA352001,https://articulo.mercadolibre.com.ar/MLA-1465095701-chromecast-with-google-tv-de-voz-4-generacion-4k-8gb-_JM
MLA1663084514,Dcolor Chromecast Gd1 4k De Voz 4k 16gb Negro Con 2gb De Memoria Ram,105000,ARS,,,new,MLA352001,https://articulo.mercadolibre.com.ar/MLA-1663084514-dcolor-chromecast-gd1-4k-de-voz-4k-16gb-negro-con-2gb-de-memoria-ram-_JM
MLA1448806077,"Apple Tv A1469 3.a Gen. Full Hd 8gb, 1gb Ram,estado Impoluto",48900,ARS,,,used,MLA352001,https://articulo.mercadolibre.com.ar/MLA-1448806077-apple-tv-a1469-3a-gen-full-hd-8gb-1gb-ramestado-impoluto-_JM
MLA1982911574,Xiaomi Mi Tv Stick 4k Android Google Tv Color Negro Tipo De Control Remoto De Voz,105935,ARS,,,new,MLA352001,https://articulo.mercadolibre.com.ar/MLA-1982911574-xiaomi-mi-tv-stick-4k-android-google-tv-color-negro-tipo-de-control-remoto-de-voz-_JM
MLA2022527970,Google Chromecast 4k Chromecast With Google Tv Ga01919-us De,155000,ARS,,,new,MLA352001,https://articulo.mercadolibre.com.ar/MLA-2022527970-google-chromecast-4k-chromecast-with-google-tv-ga01919-us-de-_JM
MLA926322306,"Google Nest Hub Con Asistente Virtual Google Assistant, Pantalla Integrada De 7  Charcoal 110/220v",315000,ARS,,,new,MLA409415,https://articulo.mercadolibre.com.ar/MLA-926322306-google-nest-hub-con-asistente-virtual-google-assistant-pantalla-integrada-de-7-charcoal-110220v-_JM
MLA1419331631, Apple Tv 1ª Gen Full Hd -olo Aparato - Enciende - No Envío,25775.2,ARS,,,used,MLA352001,https://articulo.mercadolibre.com.ar/MLA-1419331631-apple-tv-1-gen-full-hd-olo-aparato-enciende-no-envio-_JM
MLA1480795399,Google Tv Streamer 4k Netflix Hdr 2024 Androidtv Color Blanco Tipo De Control Remoto De Voz,224999,ARS,,,new,MLA352001,https://articulo.mercadolibre.com.ar/MLA-1480795399-google-tv-streamer-4k-netflix-hdr-2024-androidtv-color-blanco-tipo-de-control-remoto-de-voz-_JM
MLA1869562272,Amazon Fire Tv Stick 4k Ultra Hd Hdr Wifi 6 Version 2023,84999,ARS,,,new,MLA352001,https://articulo.mercadolibre.com.ar/MLA-1869562272-amazon-fire-tv-stick-4k-ultra-hd-hdr-wifi-6-version-2023-_JM
MLA1437520249,Google Home Mini Con Asistente Virtual Color Negro,159999,ARS,,,used,MLA409415,https://articulo.mercadolibre.com.ar/MLA-1437520249-google-home-mini-con-asistente-virtual-color-negro-_JM
MLA1361528507,Parlante Inteligente Google Home Mini Smart Speaker Gris Yt,62990,ARS,,,used,MLA409415,https://articulo.mercadolibre.com.ar/MLA-1361528507-parlante-inteligente-google-home-mini-smart-speaker-gris-yt-_JM
MLA2020394376,Tv Box Gadnic Android 10.0 Hdmi 4k Chromecast Full Hd Color Negro Tipo De Control Remoto Estándar,99799.0,ARS,,,new,MLA352001,https://articulo.mercadolibre.com.ar/MLA-2020394376-tv-box-gadnic-android-100-hdmi-4k-chromecast-full-hd-color-negro-tipo-de-control-remoto-estandar-_JM
MLA1398845475,Google Home Mini Google Assistant Chalk  9 W Ref,71990,ARS,,,new,MLA409415,https://articulo.mercadolibre.com.ar/MLA-1398845475-google-home-mini-google-assistant-chalk-9-w-ref-_JM
MLA1481882799,Xiaomi Mi Tv Stick Full Hd 8gb Chromecast Streaming Con Control Color Negro,93000,ARS,,,new,MLA352001,https://articulo.mercadolibre.com.ar/MLA-1481882799-xiaomi-mi-tv-stick-full-hd-8gb-chromecast-streaming-con-control-color-negro-_JM
MLA1755792356, Apple Tv A1469 3.ª Generación. Perf. Estado Caja Cable Orig,90000,ARS,,,used,MLA352001,https://articulo.mercadolibre.com.ar/MLA-1755792356-apple-tv-a1469-3-generacion-perf-estado-caja-cable-orig-_JM
MLA1447682463,Amazon Fire Tv Stick 4k Control Por Voz 3ra Generación Alexa,79999,ARS,,,new,MLA352001,https://articulo.mercadolibre.com.ar/MLA-1447682463-amazon-fire-tv-stick-4k-control-por-voz-3ra-generacion-alexa-_JM
MLA2000542782,"Google Tv Streamer 4k, 32gb",182031.99,ARS,,,new,MLA352001,https://articulo.mercadolibre.com.ar/MLA-2000542782-google-tv-streamer-4k-32gb-_JM
MLA1997729844,Amazon Fire Tv Stick Lite Full Hd 2°generacion,84999,ARS,,,new,MLA352001,https://articulo.mercadolibre.com.ar/MLA-1997729844-amazon-fire-tv-stick-lite-full-hd-2generacion-_JM
MLA1373073449,Amazon Fire Tv Stick Lite 2022 Full Hd 8gb Streaming ,65999,ARS,,,new,MLA352001,https://articulo.mercadolibre.com.ar/MLA-1373073449-amazon-fire-tv-stick-lite-2022-full-hd-8gb-streaming-_JM
MLA1820484428,Google Home Mini Con Asistente Virtual Charcoal 110v/220v,89999,ARS,,,used,MLA409415,https://articulo.mercadolibre.com.ar/MLA-1820484428-google-home-mini-con-asistente-virtual-charcoal-110v220v-_JM
MLA1908536738,Amazon Fire Tv Stick Lite Control Por Voz Alexa Fhd 1080p,106499,ARS,,,new,MLA352001,https://articulo.mercadolibre.com.ar/MLA-1908536738-amazon-fire-tv-stick-lite-control-por-voz-alexa-fhd-1080p-_JM
MLA2004032736,Mirascreen Anycast Wireless Dongle Tipo Chromecast /e Color Negro,47374.99,ARS,,,new,MLA352001,https://articulo.mercadolibre.com.ar/MLA-2004032736-mirascreen-anycast-wireless-dongle-tipo-chromecast-e-color-negro-_JM
MLA1480866039,Amazon Fire Tv Stick De Voz 3gen Full Hd 8gb Negro Con 1gb De Ram,75590,ARS,,,new,MLA352001,https://articulo.mercadolibre.com.ar/MLA-1480866039-amazon-fire-tv-stick-de-voz-3gen-full-hd-8gb-negro-con-1gb-de-ram-_JM
MLA1106495695, Amazon Fire Tv Stick Lite Full Hd 8gb 1gb Ram Streaming ,65999,ARS,,,new,MLA352001,https://articulo.mercadolibre.com.ar/MLA-1106495695-amazon-fire-tv-stick-lite-full-hd-8gb-1gb-ram-streaming-_JM
MLA2030737504,Tv Box 4k Hdmi Android  --el Más Rápido-- 32gb Ram/512gb Rom Estándar,75000,ARS,,,new,MLA352001,https://articulo.mercadolibre.com.ar/MLA-2030737504-tv-box-4k-hdmi-android-el-mas-rapido-32gb-ram512gb-rom-estandar-_JM
MLA1981233514,Apple Tv 4k Wi-fi (tercera Generación) 128 Gb Ethernet,267141.48,ARS,,,new,MLA352001,https://articulo.mercadolibre.com.ar/MLA-1981233514-apple-tv-4k-wi-fi-tercera-generacion-128-gb-ethernet-_JM
MLA1903134622,Apple Tv A1427 3.ª Generación Full Hd 8gb,73999,ARS,,,used,MLA352001,https://articulo.mercadolibre.com.ar/MLA-1903134622-apple-tv-a1427-3-generacion-full-hd-8gb-_JM
MLA1481608430,Chromecast Ga01919-us Google 4 Generación 4k 8gb Con 2gb De Memoria Ram,149570,ARS,,,new,MLA352001,https://articulo.mercadolibre.com.ar/MLA-1481608430-chromecast-ga01919-us-google-4-generacion-4k-8gb-con-2gb-de-memoria-ram-_JM
MLA1569955706,Google Home Asistente Virtual Google Assistant White Y Slate,220000,ARS,,,used,MLA409415,https://articulo.mercadolibre.com.ar/MLA-1569955706-google-home-asistente-virtual-google-assistant-white-y-slate-_JM
MLA1317267791,Apple Tv 3era Generación. Full Hd. Con Control Remoto,80000,ARS,,,used,MLA352001,https://articulo.mercadolibre.com.ar/MLA-1317267791-apple-tv-3era-generacion-full-hd-con-control-remoto-_JM
MLA1448028619,Chromecast Google Tv Hd 8gb 2gb Ram Hdmi 4ta Generacion,150000,ARS,,,new,MLA352001,https://articulo.mercadolibre.com.ar/MLA-1448028619-chromecast-google-tv-hd-8gb-2gb-ram-hdmi-4ta-generacion-_JM
MLA1462043665,Apple Tv 2a Generación Full Hd,40000,ARS,,,used,MLA352001,https://articulo.mercadolibre.com.ar/MLA-1462043665-apple-tv-2a-generacion-full-hd-_JM
MLA1402912363,Amazon Fire Tv Stick 4k De Voz 2ª Generación 4k 8gb Negro1 Con 1.5gb De Memoria Ram,89346,ARS,,,new,MLA352001,https://articulo.mercadolibre.com.ar/MLA-1402912363-amazon-fire-tv-stick-4k-de-voz-2-generacion-4k-8gb-negro1-con-15gb-de-memoria-ram-_JM
MLA2010200866,Apple Tv Hd 4ta 4th Generación 2015 A1625 Restore Problem,59000,ARS,,,used,MLA352001,https://articulo.mercadolibre.com.ar/MLA-2010200866-apple-tv-hd-4ta-4th-generacion-2015-a1625-restore-problem-_JM
MLA1399215546,Apple Tv 4k (wifi) A2737 De Voz 3.ª Generación 2022 4k 64gb Negro,477099,ARS,,,new,MLA352001,https://articulo.mercadolibre.com.ar/MLA-1399215546-apple-tv-4k-wifi-a2737-de-voz-3-generacion-2022-4k-64gb-negro-_JM
MLA1447987851,Apple Tv A1427 Estándar 3.a Generación Fhd,70000,ARS,,,used,MLA352001,https://articulo.mercadolibre.com.ar/MLA-1447987851-apple-tv-a1427-estandar-3a-generacion-fhd-_JM
MLA1474169913,Amazon Fire Tv Stick Hd 2024 Control Por Voz Fhd Sicoaf,59999,ARS,,,new,MLA352001,https://articulo.mercadolibre.com.ar/MLA-1474169913-amazon-fire-tv-stick-hd-2024-control-por-voz-fhd-sicoaf-_JM
MLA1911254292,Apple Tv 4k (wifi + Ethernet) A2843 4k 128gb Negro,400000,ARS,,,used,MLA352001,https://articulo.mercadolibre.com.ar/MLA-1911254292-apple-tv-4k-wifi-ethernet-a2843-4k-128gb-negro-_JM
MLA2030681232,Apple Tv A1625 De Voz 4.a Gen 2015 Full Hd 32gb,199000,ARS,,,used,MLA352001,https://articulo.mercadolibre.com.ar/MLA-2030681232-apple-tv-a1625-de-voz-4a-gen-2015-full-hd-32gb-_JM
MLA1441306967,Amazon Convertidor Fire Tv Stick Lite Alexa Voice Smart Tv,143675,ARS,,,new,MLA352001,https://articulo.mercadolibre.com.ar/MLA-1441306967-amazon-convertidor-fire-tv-stick-lite-alexa-voice-smart-tv-_JM
MLA1361515563,Parlante Inteligente Google Home Mini Smart Speaker Spotify,58990,ARS,,,used,MLA409415,https://articulo.mercadolibre.com.ar/MLA-1361515563-parlante-inteligente-google-home-mini-smart-speaker-spotify-_JM
MLA1480521428,Smart Tv Onn Uhd Streaming Device 2° Gen 4k Color Negro,176451,ARS,,,new,MLA352001,https://articulo.mercadolibre.com.ar/MLA-1480521428-smart-tv-onn-uhd-streaming-device-2-gen-4k-color-negro-_JM
MLA1458709043,Amazon Fire Tv Stick 4k Max 16 Gb Wifi 6 Ultra Rápido 2023,113999,ARS,,,new,MLA352001,https://articulo.mercadolibre.com.ar/MLA-1458709043-amazon-fire-tv-stick-4k-max-16-gb-wifi-6-ultra-rapido-2023-_JM
MLA2013720360,"Apple Tv Modelo A1427 Con Control ,hdmi Y Cable Alimentación Negro Estándar",39999,ARS,,,used,MLA352001,https://articulo.mercadolibre.com.ar/MLA-2013720360-apple-tv-modelo-a1427-con-control-hdmi-y-cable-alimentacion-negro-estandar-_JM
MLA1436930383,Apple Tv A1427 Estándar 3.ªgeneracion,80500,ARS,,,used,MLA352001,https://articulo.mercadolibre.com.ar/MLA-1436930383-apple-tv-a1427-estandar-3generacion-_JM
MLA930506223,Soporte Montaje Embutido Pared Google Home Hub Mountgenie,19900,ARS,,,new,MLA409415,https://articulo.mercadolibre.com.ar/MLA-930506223-soporte-montaje-embutido-pared-google-home-hub-mountgenie-_JM
MLA1398755255,Google Home Mini Google Assistant Chalk 110v/220v Ref,55990,ARS,,,new,MLA409415,https://articulo.mercadolibre.com.ar/MLA-1398755255-google-home-mini-google-assistant-chalk-110v220v-ref-_JM
MLA1460688751,Apple Tv Hd 4.a Generación 2015 A1625 / 32 Gb,180000,ARS,,,used,MLA352001,https://articulo.mercadolibre.com.ar/MLA-1460688751-apple-tv-hd-4a-generacion-2015-a1625-32-gb-_JM
MLA1918238052,Amazon Fire Tv Stick 4k Ultra Hd Max 16gb 2nda Generación Wi-fi 6e Color Negro Tipo De Control Remoto Estándar,96199,ARS,,,new,MLA352001,https://articulo.mercadolibre.com.ar/MLA-1918238052-amazon-fire-tv-stick-4k-ultra-hd-max-16gb-2nda-generacion-wi-fi-6e-color-negro-tipo-de-control-remoto-estandar-_JM
MLA1469093151,Amazon Fire Tv Stick 4k 2023 Wifi 6 2gb Ram Con Alexa Negro,89999,ARS,,,new,MLA352001,https://articulo.mercadolibre.com.ar/MLA-1469093151-amazon-fire-tv-stick-4k-2023-wifi-6-2gb-ram-con-alexa-negro-_JM
MLA2028975238,Amazon Fire Tv Stick 4.ª Generación (2024) Alexa Voice Remote Hd Streaming Negro,65999,ARS,,,new,MLA352001,https://articulo.mercadolibre.com.ar/MLA-2028975238-amazon-fire-tv-stick-4-generacion-2024-alexa-voice-remote-hd-streaming-negro-_JM
MLA2030554468,Apple Tv A1625 Soporte Pared 1080p Youtube Netflix Disney+,172000,ARS,,,used,MLA352001,https://articulo.mercadolibre.com.ar/MLA-2030554468-apple-tv-a1625-soporte-pared-1080p-youtube-netflix-disney-_JM
